Company,Product,Version,Date,Filename,SourceRepo,RelPath,SizeBytes,Hash,ExactDupCount,FuzzyDupCount
Amazon,Mode_Clasifier_Prompt,,,Mode_Clasifier_Prompt.txt,TheBigPromptLibrary,Kiro/Mode_Clasifier_Prompt.txt,2883,2f517a6cc80dee67,1,0
Amazon,Spec_Prompt,,,Spec_Prompt.txt,TheBigPromptLibrary,Kiro/Spec_Prompt.txt,31945,e8880abc780c29b8,1,1
Amazon,official-product,,,Rufus.md,chatgpt_system_prompt,prompts/official-product/amazon/Rufus.md,983,3fa09133ea79c137,0,0
Anthropic,UserStyle_Modes,,,UserStyle_Modes.md,CL4R1T4S,ANTHROPIC/UserStyle_Modes.md,3749,c87202ab6d212943,1,0
Anthropic,Claude_Opus_4.6,4.6,,Claude_Opus_4.6.txt,CL4R1T4S,ANTHROPIC/Claude_Opus_4.6.txt,102617,df257729c7d53d62,1,0
Anthropic,Claude_Sonnet_3.7_New,3.7,,Claude_Sonnet_3.7_New.txt,CL4R1T4S,ANTHROPIC/Claude_Sonnet_3.7_New.txt,63403,501c08f6da9f97a7,1,0
Anthropic,Claude_Sonnet_3.5,3.5,,Claude_Sonnet_3.5.md,CL4R1T4S,ANTHROPIC/Claude_Sonnet_3.5.md,22961,063641ae9f13989e,1,0
Anthropic,Claude_4,,,Claude_4.txt,CL4R1T4S,ANTHROPIC/Claude_4.txt,64473,8111444156732fdf,2,0
Anthropic,Claude_Code_03-04-24,,,Claude_Code_03-04-24.md,CL4R1T4S,ANTHROPIC/Claude_Code_03-04-24.md,1642,ff0d9392b3c9b165,1,0
Anthropic,Claude_Sonnet-4.5_Sep-29-2025,4.5,Sep-29-2025,Claude_Sonnet-4.5_Sep-29-2025.txt,CL4R1T4S,ANTHROPIC/Claude_Sonnet-4.5_Sep-29-2025.txt,85264,a43a2eeeaa5d6cbf,1,0
Anthropic,Anthropic,3.7,20250225,20250225-Claude3.7-Sonnet.md,TheBigPromptLibrary,SystemPrompts/Anthropic/20250225-Claude3.7-Sonnet.md,13991,8eaa16bdf3367bab,0,0
Anthropic,Anthropic,4.5,20250929,20250929-Claude-Sonnet4.5.md,TheBigPromptLibrary,SystemPrompts/Anthropic/20250929-Claude-Sonnet4.5.md,11035,1a4b1ab09179ecec,0,0
Anthropic,Anthropic,,20250603,20250603-Claude-Sonnet4.md,TheBigPromptLibrary,SystemPrompts/Anthropic/20250603-Claude-Sonnet4.md,33248,b6b54a72f4e69813,1,0
Anthropic,Anthropic,4.5,20251202,20251202-Claude-Opus4.5-Soul-Document.md,TheBigPromptLibrary,SystemPrompts/Anthropic/20251202-Claude-Opus4.5-Soul-Document.md,71288,da292f43374b4530,0,0
Anthropic,Anthropic,3.5,20240712,20240712-Claude3.5-Sonnet.md,TheBigPromptLibrary,SystemPrompts/Anthropic/20240712-Claude3.5-Sonnet.md,5790,05c23443b614d1d6,0,0
Anthropic,Anthropic,3.5,20240904,20240904-Claude3.5-Sonnet.md,TheBigPromptLibrary,SystemPrompts/Anthropic/20240904-Claude3.5-Sonnet.md,25661,58266f2650073321,0,0
Anthropic,Anthropic,,20240712,20240712-Claude3-Haiku.md,TheBigPromptLibrary,SystemPrompts/Anthropic/20240712-Claude3-Haiku.md,702,71ab0f8dc4e85a22,0,0
Anthropic,Anthropic,,20260112,20260112-Claude-Cowork.md,TheBigPromptLibrary,SystemPrompts/Anthropic/20260112-Claude-Cowork.md,24644,976dfc3c75c496e0,0,0
Anthropic,Anthropic,,20250916,20250916-Claude-Chrome-Extension.md,TheBigPromptLibrary,SystemPrompts/Anthropic/20250916-Claude-Chrome-Extension.md,17386,ae7d3a2791b4ce47,0,0
Anthropic,Anthropic,,20240712,20240712-Claude3-Opus.md,TheBigPromptLibrary,SystemPrompts/Anthropic/20240712-Claude3-Opus.md,2125,ef5871aa0fc51e90,0,0
Anthropic,Anthropic,4.5,20251028,20251028-Claude-Sonnet4.5.md,TheBigPromptLibrary,SystemPrompts/Anthropic/20251028-Claude-Sonnet4.5.md,87211,915b23df97e25d36,0,0
Anthropic,Anthropic,,20241022,20241022-Computer-Use.md,TheBigPromptLibrary,SystemPrompts/Anthropic/20241022-Computer-Use.md,2391,f9a087f3661e7c74,0,0
Anthropic,System,,,System.js,TheBigPromptLibrary,Claude-Code/System.js,11103,5a5b297ad65ace0a,1,0
Anthropic,Claude-Sonnet-3.7,3.7,,Claude-Sonnet-3.7.txt,TheBigPromptLibrary,Claude/Claude-Sonnet-3.7.txt,12865,d4e5717af08a34cd,1,0
Anthropic,claude,,,claude.html,TheBigPromptLibrary,ANTHROPIC/claude.html,224636,e76a86a3517d5f5e,1,0
Anthropic,claude-code,,,claude-code.md,TheBigPromptLibrary,ANTHROPIC/claude-code.md,78136,f27f1538d1993623,1,0
Anthropic,Sonnet 4.5 Prompt,4.5,,Sonnet 4.5 Prompt.txt,TheBigPromptLibrary,ANTHROPIC/Sonnet 4.5 Prompt.txt,43200,22b1c2a71e8d5a3b,1,0
Anthropic,claude-opus-4.6-no-tools,4.6,,claude-opus-4.6-no-tools.md,TheBigPromptLibrary,ANTHROPIC/claude-opus-4.6-no-tools.md,49652,f8145feb37929f6d,1,1
Anthropic,claude.ai-injections,,,claude.ai-injections.md,TheBigPromptLibrary,ANTHROPIC/claude.ai-injections.md,10695,8c6441f75c395934,1,0
Anthropic,claude-in-chrome,,,claude-in-chrome.md,TheBigPromptLibrary,ANTHROPIC/claude-in-chrome.md,46931,6d7e3d6104dfb43b,1,0
Anthropic,claude-sonnet-4.6-no-tools,4.6,,claude-sonnet-4.6-no-tools.md,TheBigPromptLibrary,ANTHROPIC/claude-sonnet-4.6-no-tools.md,47408,2a3f8572267b43a7,1,1
Anthropic,default-styles,,,default-styles.md,TheBigPromptLibrary,ANTHROPIC/default-styles.md,5695,980df87d3b2ffcb2,1,0
Anthropic,Claude Code 2.0,2.0,,Claude Code 2.0.txt,TheBigPromptLibrary,ANTHROPIC/Claude Code 2.0.txt,57313,33e3bc0249ab14f7,1,0
Anthropic,claude-opus-4.6,4.6,,claude-opus-4.6.md,TheBigPromptLibrary,ANTHROPIC/claude-opus-4.6.md,254343,4c5dd1ae183ca503,1,1
Anthropic,claude-for-excel,,,claude-for-excel.md,TheBigPromptLibrary,ANTHROPIC/claude-for-excel.md,34430,4d75bae62bd4d9fa,1,0
Anthropic,claude-cowork,,,claude-cowork.md,TheBigPromptLibrary,ANTHROPIC/claude-cowork.md,115215,ee23ac19eb862fcf,1,0
Anthropic,Claude for Chrome,,,Prompt.txt,TheBigPromptLibrary,ANTHROPIC/Claude for Chrome/Prompt.txt,43593,35121a17cf02d0f4,1,0
Anthropic,claude-4.1-opus-thinking,4.1,,claude-4.1-opus-thinking.md,TheBigPromptLibrary,ANTHROPIC/old/claude-4.1-opus-thinking.md,105567,8327f1802a56a1d0,1,0
Anthropic,claude-4.5-sonnet,4.5,,claude-4.5-sonnet.md,TheBigPromptLibrary,ANTHROPIC/old/claude-4.5-sonnet.md,143465,66b325098945abe1,1,1
Anthropic,claude-sonnet-4,,,claude-sonnet-4.md,TheBigPromptLibrary,ANTHROPIC/old/claude-sonnet-4.md,101438,53f97663d5362a3b,1,0
Anthropic,claude-3.7-sonnet-full-system-message-humanreadable,3.7,,claude-3.7-sonnet-full-system-message-humanreadable.md,TheBigPromptLibrary,ANTHROPIC/old/claude-3.7-sonnet-full-system-message-humanreadable.md,113712,8612bf1d934afedb,1,1
Anthropic,Claude Code,,,Prompt.txt,TheBigPromptLibrary,ANTHROPIC/Claude Code/Prompt.txt,13019,d593cab6316f6039,1,0
Anthropic,official-product,,,AnthropicAgentLLMPrompter.md,chatgpt_system_prompt,prompts/official-product/claude/AnthropicAgentLLMPrompter.md,1311,fb0439926c41de6d,0,0
Anthropic,official-product,,,ClaudeWithCode.md,chatgpt_system_prompt,prompts/official-product/claude/ClaudeWithCode.md,2158,59c8199a099943d2,0,0
Anthropic,official-product,,,Claude3.md,chatgpt_system_prompt,prompts/official-product/claude/Claude3.md,1352,bbf2df1dd7dd00a4,0,1
Anthropic,official-product,,,tools.md,chatgpt_system_prompt,prompts/official-product/claude/tools.md,39084,5e6784c16f24ac71,0,0
Anthropic,official-product,,,compact-2-1-12.md,chatgpt_system_prompt,prompts/official-product/claude/claudecode/compact-2-1-12.md,5052,9f43f5fc866abd2f,0,0
Anthropic,official-product,,,suggestion_mode-2-1-12.md,chatgpt_system_prompt,prompts/official-product/claude/claudecode/suggestion_mode-2-1-12.md,1089,a7294d3bbe6b3d06,0,0
Anthropic,official-product,,,ClaudeCodeSystem-2-1-12.md,chatgpt_system_prompt,prompts/official-product/claude/claudecode/ClaudeCodeSystem-2-1-12.md,13702,07e9efe2586f527d,0,0
Anthropic,official-product,,,ClaudeCodePlanMode-2-1-12.md,chatgpt_system_prompt,prompts/official-product/claude/claudecode/plan/ClaudeCodePlanMode-2-1-12.md,7516,89f761f72453a1f0,0,0
Anthropic,official-product,,,ClaudeCodeFileSearchSpecialist-2-1-12.md,chatgpt_system_prompt,prompts/official-product/claude/claudecode/file_search/ClaudeCodeFileSearchSpecialist-2-1-12.md,3336,e50228ad3c18024f,0,0
Anthropic,official-product,,,ClaudeCodeExplore-2-1-12.md,chatgpt_system_prompt,prompts/official-product/claude/claudecode/explore/ClaudeCodeExplore-2-1-12.md,2662,fba253bbbabbcbf1,0,0
Anthropic,official-product,,,ClaudeCodeGuideAgent-2-1-12.md,chatgpt_system_prompt,prompts/official-product/claude/claudecode/code_guide/ClaudeCodeGuideAgent-2-1-12.md,5711,adff1ae643825ebc,0,0
Anthropic,official-product,,,ClaudeCodeStatusLine-2-1-12.md,chatgpt_system_prompt,prompts/official-product/claude/claudecode/status_line/ClaudeCodeStatusLine-2-1-12.md,5555,6d3704c4138b6d31,0,0
Anthropic,official-product,,,ClaudeCodeCommandExecutionSpecialist-2-1-12.md,chatgpt_system_prompt,prompts/official-product/claude/claudecode/command_execution/ClaudeCodeCommandExecutionSpecialist-2-1-12.md,1815,d1480951dd8917b7,0,0
Anthropic,official-product,,,system-2-1-12.md,chatgpt_system_prompt,prompts/official-product/claude/claudecode/summarize_coding_conversation/system-2-1-12.md,799,af24b3546bad2e04,0,0
Anthropic,official-product,,,research_subagent.md,chatgpt_system_prompt,prompts/official-product/claude/clauderesearch/research_subagent.md,9107,38550c6b0e2c9b1c,0,0
Anthropic,official-product,,,research_lead_agent.md,chatgpt_system_prompt,prompts/official-product/claude/clauderesearch/research_lead_agent.md,23098,4dd48b0b56313645,0,0
Anthropic,official-product,,,citations_agent.md,chatgpt_system_prompt,prompts/official-product/claude/clauderesearch/citations_agent.md,2869,e300ec62ab212030,0,0
Apple,System,,,System.txt,TheBigPromptLibrary,Xcode/System.txt,4007,3a62ac2756fd97c0,1,0
Apple,PreviewAction,,,PreviewAction.txt,TheBigPromptLibrary,Xcode/PreviewAction.txt,1938,cd149c218f1b20ce,1,0
Atlassian,Atlassian,,20250801,20250801-acli-rovodev-interactive.md,TheBigPromptLibrary,SystemPrompts/Atlassian/20250801-acli-rovodev-interactive.md,4312,912c23689f5d22a6,0,0
Augment,Augment Code,,20250724,20250724-augmentcode.md,TheBigPromptLibrary,SystemPrompts/Augment Code/20250724-augmentcode.md,10267,d11b6c93c32318aa,0,0
Augment,part_a,,,part_a.js,TheBigPromptLibrary,Augment/part_a.js,18411,3d4634c6fe12e200,1,0
Augment,gpt-5-agent-prompts,,,gpt-5-agent-prompts.txt,TheBigPromptLibrary,Augment Code/gpt-5-agent-prompts.txt,15001,5a2c7707aa1c2c41,1,0
Blackbox,Blackbox-Agent,,,Blackbox-Agent.md,TheBigPromptLibrary,Blackbox.ai/Blackbox-Agent.md,90753,cbbcf2750c16459d,1,0
Blackbox,Blackbox-Complete,,,Blackbox-Complete.ts,TheBigPromptLibrary,Blackbox.ai/Blackbox-Complete.ts,5211,bd876c52a01bdf49,1,0
Brave,LEO_Aug-31-2025,,Aug-31-2025,LEO_Aug-31-2025,CL4R1T4S,BRAVE/LEO_Aug-31-2025,2967,33e2722c42a7a8ab,1,0
Brave,Brave,,20251110,20251110-leo.md,TheBigPromptLibrary,SystemPrompts/Brave/20251110-leo.md,2818,c4896afaeecece3c,0,0
ByteDance,Chat Prompt,,,Chat Prompt.txt,TheBigPromptLibrary,Trae/Chat Prompt.txt,7923,f87db1f3ee0f4e89,1,0
ByteDance,Builder Prompt,,,Builder Prompt.txt,TheBigPromptLibrary,Trae/Builder Prompt.txt,18569,daf7e1f6ed67db95,1,0
ByteDance,prompt,,,prompt.py,TheBigPromptLibrary,trae-agent/prompt.py,3769,a9498e1ca37bd42c,1,0
ChatWise,official-product,,,system.md,chatgpt_system_prompt,prompts/official-product/chatwise/system.md,24783,b86e102906f8d175,0,0
ChatWise,official-product,,,chatwise_research.md,chatgpt_system_prompt,prompts/official-product/chatwise/chatwise_research.md,3519,862effeb9ea783d9,0,0
Clawdbot,IDENTITY,,,IDENTITY.md,TheBigPromptLibrary,Clawdbot/IDENTITY.md,3404,6395204134a8f34b,1,0
Clawdbot,SOUL,,,SOUL.md,TheBigPromptLibrary,Clawdbot/SOUL.md,2724,75a64e50e92a33f1,1,0
Clawdbot,AGENTS,,,AGENTS.md,TheBigPromptLibrary,Clawdbot/AGENTS.md,2730,4c9bb672eff72d7e,1,0
Cline,system,,,system.ts,TheBigPromptLibrary,Cline/system.ts,62929,4ec31c442cb4d089,1,0
Cluely,Cluely,,,Cluely.mkd,CL4R1T4S,CLUELY/Cluely.mkd,4759,ae4ae260598c3627,1,0
Cluely,Enterprise Prompt,,,Enterprise Prompt.txt,TheBigPromptLibrary,Cluely/Enterprise Prompt.txt,21254,ac60e8bbb2e5b67c,1,1
CodeBuddy,Craft Prompt,,,Craft Prompt.txt,TheBigPromptLibrary,CodeBuddy Prompts/Craft Prompt.txt,39940,ad4204748089a764,1,0
CodeBuddy,Chat Prompt,,,Chat Prompt.txt,TheBigPromptLibrary,CodeBuddy Prompts/Chat Prompt.txt,1521,8cb95d680cf8176e,1,0
Cursor,Cursor_2.0_Sys_Prompt,2.0,,Cursor_2.0_Sys_Prompt.txt,CL4R1T4S,CURSOR/Cursor_2.0_Sys_Prompt.txt,23082,c34426e7f7d8f4e9,1,0
Cursor,Cursor_Tools,,,Cursor_Tools.md,CL4R1T4S,CURSOR/Cursor_Tools.md,7198,347add647a589914,1,0
Cursor,Cursor.com,,20240904,20240904-Cursor.md,TheBigPromptLibrary,SystemPrompts/Cursor.com/20240904-Cursor.md,1475,da57161aa20d971b,0,0
Cursor,Agent,,,Agent.md,TheBigPromptLibrary,Cursor/Agent.md,32188,b070de9206d27d6a,3,0
Cursor,Agent Prompt 2025-09-03,,,Agent Prompt 2025-09-03.txt,TheBigPromptLibrary,Cursor Prompts/Agent Prompt 2025-09-03.txt,19008,9f040e8100f1ea90,1,0
Cursor,Chat Prompt,,,Chat Prompt.txt,TheBigPromptLibrary,Cursor Prompts/Chat Prompt.txt,12569,bf238e70a25cf2cc,1,0
Cursor,Agent CLI Prompt 2025-08-07,,,Agent CLI Prompt 2025-08-07.txt,TheBigPromptLibrary,Cursor Prompts/Agent CLI Prompt 2025-08-07.txt,14045,65cf6c1ec06b69bc,2,0
Cursor,Agent Prompt v1.0,v1.0,,Agent Prompt v1.0.txt,TheBigPromptLibrary,Cursor Prompts/Agent Prompt v1.0.txt,9023,fe523651e19a0e5d,1,0
Cursor,Agent Prompt 2.0,2.0,,Agent Prompt 2.0.txt,TheBigPromptLibrary,Cursor Prompts/Agent Prompt 2.0.txt,38842,86fb2b4953a93bc9,1,0
Cursor,official-product,,,CursorAgileModeSystemPrompt.md,chatgpt_system_prompt,prompts/official-product/cursor/CursorAgileModeSystemPrompt.md,6804,979e953be8fe0504,0,0
Cursor,official-product,,,CursorMemoryEvaluate.md,chatgpt_system_prompt,prompts/official-product/cursor/CursorMemoryEvaluate.md,5274,1c1d102fe1241ca2,0,0
Cursor,official-product,,,CursorChatSystemPrompt.md,chatgpt_system_prompt,prompts/official-product/cursor/CursorChatSystemPrompt.md,1936,5d5ce029bf579ea2,0,0
Cursor,official-product,,,CursorAgentModeSystemPrompt-updated.md,chatgpt_system_prompt,prompts/official-product/cursor/CursorAgentModeSystemPrompt-updated.md,18460,d938022a78055837,0,0
Cursor,official-product,,,CursorMemoryGen.md,chatgpt_system_prompt,prompts/official-product/cursor/CursorMemoryGen.md,7147,c0aa88ae81756a45,0,0
Cursor,official-product,,,CursorComposerSystemPrompt.md,chatgpt_system_prompt,prompts/official-product/cursor/CursorComposerSystemPrompt.md,3028,f729df8a62df881a,0,0
DIA,Dia_CodingSkill,,,Dia_CodingSkill.txt,CL4R1T4S,DIA/Dia_CodingSkill.txt,21178,e101b1fe8175e8bd,1,0
DIA,Dia_DraftSkill,,,Dia_DraftSkill.txt,CL4R1T4S,DIA/Dia_DraftSkill.txt,8922,02be0e638ab3baca,1,0
DIA,Prompt,,,Prompt.txt,TheBigPromptLibrary,DIA/Prompt.txt,17166,583631d6464ff311,1,0
Databricks,Databricks,,03272024,DBRX Instruct_03272024.md,TheBigPromptLibrary,SystemPrompts/Databricks/DBRX Instruct_03272024.md,5111,73e53dbd1ea2fe93,0,0
DeepSeek,DeepSeek,,20251029,20251029-DeepSeek-V2.md,TheBigPromptLibrary,SystemPrompts/DeepSeek/20251029-DeepSeek-V2.md,3575,ed8d070a5ff97eec,0,0
DeepSeek,official-product,,,R1.md,chatgpt_system_prompt,prompts/official-product/deepseek/R1.md,1368,ebb5d2a6a70e0ddc,0,0
Devin,Devin_2.0,2.0,,Devin_2.0.md,CL4R1T4S,DEVIN/Devin_2.0.md,6056,e146855fcc48c0dc,2,0
Devin,Devin_2.0_Commands,2.0,,Devin_2.0_Commands.md,CL4R1T4S,DEVIN/Devin_2.0_Commands.md,29589,23823e5e0d451148,2,0
Devin,Devin2_09-08-2025,,,Devin2_09-08-2025.md,CL4R1T4S,DEVIN/Devin2_09-08-2025.md,50811,b54a8e4db41d83bf,1,0
Devin,system,,,system.md,TheBigPromptLibrary,Devin/system.md,34710,eddbdf8ac020e692,3,0
Devin,DeepWiki Prompt,,,DeepWiki Prompt.txt,TheBigPromptLibrary,Devin AI/DeepWiki Prompt.txt,5505,6903355220d4fc27,1,0
Docker,Docker,,20250731,docker_ai_20250731.md,TheBigPromptLibrary,SystemPrompts/Docker/docker_ai_20250731.md,2748,95ec025d2ee68171,0,0
Emergent,Prompt,,,Prompt.txt,TheBigPromptLibrary,Emergent/Prompt.txt,36948,f5b09f8e42677f45,1,0
Factory,DROID,,,DROID.txt,CL4R1T4S,FACTORY/DROID.txt,16777,8d3c854263f17ada,1,0
GitHub,official-product,,,github_copilot_agent.md,chatgpt_system_prompt,prompts/official-product/github/github_copilot_agent.md,12126,84c17a6abb96ce17,0,0
Google,Gemini_Gmail_Assistant,,,Gemini_Gmail_Assistant.txt,CL4R1T4S,GOOGLE/Gemini_Gmail_Assistant.txt,4542,7aef876948ccfc7a,1,0
Google,Gemini-2.5-Pro-04-18-2025,2.5,,Gemini-2.5-Pro-04-18-2025.md,CL4R1T4S,GOOGLE/Gemini-2.5-Pro-04-18-2025.md,11987,24e632c285c5c86f,1,0
Google,Gemini_Diffusion,,,Gemini_Diffusion.md,CL4R1T4S,GOOGLE/Gemini_Diffusion.md,6541,0373df541bb01150,3,0
Google,Google,,20250804,20250804-Jules.md,TheBigPromptLibrary,SystemPrompts/Google/20250804-Jules.md,14034,53dc9df725ac90a4,0,1
Google,Google,2.0,03072025,gemini-2.0-flash-03072025.md,TheBigPromptLibrary,SystemPrompts/Google/gemini-2.0-flash-03072025.md,687,377f06f851b6a1a7,0,0
Google,Google,,20251118,20251118-Antigravity.md,TheBigPromptLibrary,SystemPrompts/Google/20251118-Antigravity.md,46176,7418dadc826e64c5,0,0
Google,Google,2.0,03072025,gemini-2.0-flash-thinking-gemini-app-03072025.md,TheBigPromptLibrary,SystemPrompts/Google/gemini-2.0-flash-thinking-gemini-app-03072025.md,6858,9e1c01af4b939184,0,0
Google,Google,2.5,20251112,20251112-gemini-2.5-flash.md,TheBigPromptLibrary,SystemPrompts/Google/20251112-gemini-2.5-flash.md,2694,165150b665ada407,0,0
Google,Google,2.5,20250723,20250723-gemini-2.5-pro-imo.md,TheBigPromptLibrary,SystemPrompts/Google/20250723-gemini-2.5-pro-imo.md,8787,470de1e2b28cfd23,0,0
Google,Google,,20251110,20251110-notebooklm.md,TheBigPromptLibrary,SystemPrompts/Google/20251110-notebooklm.md,2471,7c3ce37651e3fecb,0,0
Google,Google,1.5,12122024,gemini-advanced-pro-1.5-12122024.md,TheBigPromptLibrary,SystemPrompts/Google/gemini-advanced-pro-1.5-12122024.md,3338,9eac37da54fc63de,0,0
Google,Google,1.5,04112024,gemini-1.5-04112024.md,TheBigPromptLibrary,SystemPrompts/Google/gemini-1.5-04112024.md,1638,e3acb42849269985,0,1
Google,Google,,10202024,notebooklm-10202024.md,TheBigPromptLibrary,SystemPrompts/Google/notebooklm-10202024.md,8090,a2fa61a769fbdada,0,0
Google,Gemini-cli system prompt,,,Gemini-cli system prompt.md,TheBigPromptLibrary,Google/Gemini-cli system prompt.md,17283,9872fa282b18b61a,1,0
Google,Gemini-3-fast,,,Gemini-3-fast.md,TheBigPromptLibrary,Google/Gemini-3-fast.md,10361,a3f719ab4cc06f71,1,0
Google,google-ai-studios,,,google-ai-studios.md,TheBigPromptLibrary,Google/google-ai-studios.md,1887,9b8eda856b3d317f,1,0
Google,gemini-2.5-pro-guided-learning,2.5,,gemini-2.5-pro-guided-learning.md,TheBigPromptLibrary,Google/gemini-2.5-pro-guided-learning.md,15452,97756258376baeb3,1,0
Google,gemini-2.0-flash-webapp,2.0,,gemini-2.0-flash-webapp.md,TheBigPromptLibrary,Google/gemini-2.0-flash-webapp.md,2374,3cdd74af11246544,1,0
Google,gemini_in_chrome,,,gemini_in_chrome.md,TheBigPromptLibrary,Google/gemini_in_chrome.md,11574,8df0c054701ae98f,1,0
Google,gemini-workspace,,,gemini-workspace.md,TheBigPromptLibrary,Google/gemini-workspace.md,21232,7f488aa21234e047,1,0
Google,gemini-3-pro,,,gemini-3-pro.md,TheBigPromptLibrary,Google/gemini-3-pro.md,14197,2eab4710fa7ec5b0,1,0
Google,gemini-2.5-flash-image-preview,2.5,,gemini-2.5-flash-image-preview.md,TheBigPromptLibrary,Google/gemini-2.5-flash-image-preview.md,4875,ef03d266239979ef,1,0
Google,NotebookLM-chat,,,NotebookLM-chat.md,TheBigPromptLibrary,Google/NotebookLM-chat.md,2526,eca443e24c409c12,1,0
Google,Gemini,,,AI Studio vibe-coder.txt,TheBigPromptLibrary,Google/Gemini/AI Studio vibe-coder.txt,62552,89ce2e27647e7d76,1,0
Google,Antigravity,,,Fast Prompt.txt,TheBigPromptLibrary,Google/Antigravity/Fast Prompt.txt,40977,5abcc9d3e644042a,1,0
Google,official-product,,20250421,gemini-2-5pro-20250421.md,chatgpt_system_prompt,prompts/official-product/google/gemini-2-5pro-20250421.md,1953,aa1f22de6dca8937,0,0
Google,official-product,,,ai-studio.md,chatgpt_system_prompt,prompts/official-product/google/ai-studio.md,6541,bf3a23cf21c23938,0,0
Google,official-product,2.5,,IMO_gemini_2.5.md,chatgpt_system_prompt,prompts/official-product/google/IMO_gemini_2.5.md,5133,4ab0d6d41029d50d,0,0
Google,official-product,,,notebooklm.md,chatgpt_system_prompt,prompts/official-product/google/notebooklm.md,1485,de7926d9143b9cc9,0,0
Google,official-product,,,WritingEditor.md,chatgpt_system_prompt,prompts/official-product/google/WritingEditor.md,2652,c494a87ac98b1c94,0,0
Google,official-product,,20240603,gemini-pro-20240603.md,chatgpt_system_prompt,prompts/official-product/google/gemini-pro-20240603.md,1603,506acf4ddb57ab52,0,0
Google,official-product,,,Brainstormer.md,chatgpt_system_prompt,prompts/official-product/google/Brainstormer.md,2647,2c6bdff8ee162e40,0,0
Google,official-product,,,CodingPartner.md,chatgpt_system_prompt,prompts/official-product/google/CodingPartner.md,1935,9d3b9cbd5426b73e,0,0
Hume,Hume.ai,,05052024,05052024-system-prompt.md,TheBigPromptLibrary,SystemPrompts/Hume.ai/05052024-system-prompt.md,8690,719112ef7a8657b4,0,0
JetBrains,Prompt,,,Prompt.txt,TheBigPromptLibrary,Junie/Prompt.txt,6184,938aec594fc8155c,1,0
Leap,Prompts,,,Prompts.txt,TheBigPromptLibrary,Leap.new/Prompts.txt,52456,f47cfe695892822f,1,0
Lovable,Lovable_2.0,2.0,,Lovable_2.0.txt,CL4R1T4S,LOVABLE/Lovable_2.0.txt,16600,ffe4b51fe62781a0,1,0
Lovable,Prompt,,,Prompt.md,TheBigPromptLibrary,Loveable/Prompt.md,53887,152e14eb2e7efa00,1,0
Lovable,AgentPrompt,,,AgentPrompt.md,TheBigPromptLibrary,Loveable/AgentPrompt.md,19612,fd7e07901c10d865,1,0
Lovable,Agent Prompt,,,Agent Prompt.txt,TheBigPromptLibrary,LOVABLE/Agent Prompt.txt,20297,059ed2a3fd70bc95,1,0
Lovable,official-product,,,system.md,chatgpt_system_prompt,prompts/official-product/lovable/system.md,9045,dad8a0ee5e3e1192,0,0
Manus,Manus_Prompt,,,Manus_Prompt.txt,CL4R1T4S,MANUS/Manus_Prompt.txt,13972,651b5f66570fbe60,1,0
Manus,Manus_Functions,,,Manus_Functions.txt,CL4R1T4S,MANUS/Manus_Functions.txt,25950,0cf44559f00e8864,1,0
Manus,Prompt,,,Prompt.txt,TheBigPromptLibrary,Manus Agent Tools & Prompt/Prompt.txt,10209,92517341635ab7a6,4,1
Manus,Agent loop,,,Agent loop.txt,TheBigPromptLibrary,Manus Agent Tools & Prompt/Agent loop.txt,2147,8c82cd1d6ed0c32f,4,0
Meta,Meta.ai,,04182024,metaai_llama3-04182024.md,TheBigPromptLibrary,SystemPrompts/Meta.ai/metaai_llama3-04182024.md,14973,cde2854382d1f824,0,0
Meta,Meta.ai,,07292025,metaai_llama4-whatsapp-07292025.md,TheBigPromptLibrary,SystemPrompts/Meta.ai/metaai_llama4-whatsapp-07292025.md,4119,cdde6fc5e1ceff37,0,1
Meta,Meta.ai,,04082025,metaai_llama4-04082025.md,TheBigPromptLibrary,SystemPrompts/Meta.ai/metaai_llama4-04082025.md,1684,7574d63a84eefaa3,0,0
Meta,LLama4,,,LLama4.txt,TheBigPromptLibrary,MetaAI-Whatsapp/LLama4.txt,2281,14d09ef4a879bbef,1,0
Meta,MetaAI,,,MetaAI.txt,TheBigPromptLibrary,MetaAI-Whatsapp/MetaAI.txt,1503,00d01798cb838146,1,0
Meta,Whatsapp-LLama4-Jul-19-2025,,Jul-19-2025,Whatsapp-LLama4-Jul-19-2025.md,TheBigPromptLibrary,MetaAI-Whatsapp/Whatsapp-LLama4-Jul-19-2025.md,2129,f684aa81a3cf2ac2,1,0
Meta,official-product,,,MetaAIHiddenPrompt.md,chatgpt_system_prompt,prompts/official-product/meta/MetaAIHiddenPrompt.md,4327,d5257eb8e4b4486d,0,0
Microsoft,Copilot,,02292024,github_copilot_vs_02292024.md,TheBigPromptLibrary,SystemPrompts/Copilot/github_copilot_vs_02292024.md,3458,773c830e1098ccf0,1,0
Microsoft,Copilot,,20251202,microsoft_copilot_enterprise_20251202.md,TheBigPromptLibrary,SystemPrompts/Copilot/microsoft_copilot_enterprise_20251202.md,24947,cee316e650413080,0,0
Microsoft,Copilot,,11112024,github_copilot_vscode_11112024.md,TheBigPromptLibrary,SystemPrompts/Copilot/github_copilot_vscode_11112024.md,2235,df7c804a1743749d,0,0
Microsoft,Copilot,,20260121,github_copilot_cli_20260121.md,TheBigPromptLibrary,SystemPrompts/Copilot/github_copilot_cli_20260121.md,19227,7f50e88134ff7317,0,0
Microsoft,Copilot,,03212024,microsoft_copilot_preview_03212024.md,TheBigPromptLibrary,SystemPrompts/Copilot/microsoft_copilot_preview_03212024.md,9750,06ea4effcb2ee23e,0,0
Microsoft,Copilot,,09192025,microsoft_copilot_website_09192025.md,TheBigPromptLibrary,SystemPrompts/Copilot/microsoft_copilot_website_09192025.md,28936,fb42ebbce75d474b,0,0
Microsoft,Copilot,,11132024,microsoft_copilot_desktop_11132024.md,TheBigPromptLibrary,SystemPrompts/Copilot/microsoft_copilot_desktop_11132024.md,6424,c7eb027b5ddc0fbc,0,0
Microsoft,Copilot,,02252025,microsoft_copilot_website_02252025.md,TheBigPromptLibrary,SystemPrompts/Copilot/microsoft_copilot_website_02252025.md,14315,ef1e40f0cc0d9c65,0,0
Microsoft,Copilot,,02292024,github_copilot_vscode_02292024.md,TheBigPromptLibrary,SystemPrompts/Copilot/github_copilot_vscode_02292024.md,1784,1ff6fb6dfcb3c8dd,1,0
Microsoft,Prompt,,,Prompt.txt,TheBigPromptLibrary,VSCode Agent/Prompt.txt,21032,5761901fbc337aa1,1,0
Microsoft,nes-tab-completion,,,nes-tab-completion.txt,TheBigPromptLibrary,VSCode Agent/nes-tab-completion.txt,8910,55c57c357ce59cd2,1,0
Microsoft,gpt-5,,,gpt-5.txt,TheBigPromptLibrary,VSCode Agent/gpt-5.txt,25533,ff6f5e10877e45b4,1,1
Microsoft,gpt-4.1,4.1,,gpt-4.1.txt,TheBigPromptLibrary,VSCode Agent/gpt-4.1.txt,11082,090949cd11397e9d,1,0
Microsoft,chat-titles,,,chat-titles.txt,TheBigPromptLibrary,VSCode Agent/chat-titles.txt,765,bb26653de6e56c79,1,0
Microsoft,official-product,,,GraphRAG.md,chatgpt_system_prompt,prompts/official-product/microsoft/GraphRAG.md,2361,925b000a83bab115,0,0
MiniMax,MiniMax,,,MiniMax.txt,CL4R1T4S,MINIMAX/MiniMax.txt,2495,5182c034aa191473,1,0
Misc,Misc,,20250317,20250317-Limitless_AI.md,TheBigPromptLibrary,SystemPrompts/Misc/20250317-Limitless_AI.md,4428,8d348a8bdce5b659,0,0
Misc,Fellou-browser,,,Fellou-browser.md,TheBigPromptLibrary,Misc/Fellou-browser.md,22769,c718e554d958ab6f,1,0
Misc,Kagi Assistant,,,Kagi Assistant.md,TheBigPromptLibrary,Misc/Kagi Assistant.md,5255,662d21cdcac1b6ec,1,0
Misc,Confer,,,Confer.md,TheBigPromptLibrary,Misc/Confer.md,4171,4a73cc6b43f142cd,1,0
Misc,Sesame-AI-Maya,,,Sesame-AI-Maya.md,TheBigPromptLibrary,Misc/Sesame-AI-Maya.md,15569,31103a5c5b8fef1b,1,0
Misc,copilot-in-microsoft-word,,,copilot-in-microsoft-word.md,TheBigPromptLibrary,Misc/copilot-in-microsoft-word.md,15265,984a8c99af6d103e,1,0
Mistral,Mistral,,02122025,lechat-02122025.md,TheBigPromptLibrary,SystemPrompts/Mistral/lechat-02122025.md,6899,936140743def6fb7,0,0
Mistral,Mistral,,11182024,lechat-11182024.md,TheBigPromptLibrary,SystemPrompts/Mistral/lechat-11182024.md,10060,1f3b8209c37a3a1c,0,0
Mistral,Le-Chat-2025-05-29,,,Le-Chat-2025-05-29.md,TheBigPromptLibrary,Mistral/Le-Chat-2025-05-29.md,5496,d79b71cd5b7e6e6c,1,0
Moonshot,Kimi_2_July-11-2025,,,Kimi_2_July-11-2025.txt,CL4R1T4S,MOONSHOT/Kimi_2_July-11-2025.txt,1404,28bbed445c982e4c,1,0
Moonshot,Kimi_K2_Thinking,,,Kimi_K2_Thinking.txt,CL4R1T4S,MOONSHOT/Kimi_K2_Thinking.txt,955,70e44fbe2eec7838,1,0
MultiOn,MultiOn,,,MultiOn.md,CL4R1T4S,MULTION/MultiOn.md,9290,e69d91ed7e33878d,1,0
Notion,WIP-partial,,,WIP-partial.md,TheBigPromptLibrary,notion/WIP-partial.md,9744,91f248e202d25fd2,1,0
Notion,Prompt,,,Prompt.txt,TheBigPromptLibrary,NotionAi/Prompt.txt,32057,4f42ce09d60142ac,1,0
Notte,prompt,,,prompt.md,TheBigPromptLibrary,notte/prompt.md,2835,db200196543d0978,1,0
OpenAI,ChatKit_Docs__Oct-6-25,,,ChatKit_Docs__Oct-6-25.txt,CL4R1T4S,OPENAI/ChatKit_Docs__Oct-6-25.txt,73063,a19585cc1decbeab,1,0
OpenAI,ChatGPT_4o_04-25-2025,,,ChatGPT_4o_04-25-2025.txt,CL4R1T4S,OPENAI/ChatGPT_4o_04-25-2025.txt,8618,925449c2626c653f,1,0
OpenAI,ChatGPT_Personality_v2_Change,,,ChatGPT_Personality_v2_Change.md,CL4R1T4S,OPENAI/ChatGPT_Personality_v2_Change.md,1195,405ec04ce70c1e0f,1,0
OpenAI,Atlas_10-21-25,,,Atlas_10-21-25.txt,CL4R1T4S,OPENAI/Atlas_10-21-25.txt,33404,741f1d07d6ec7373,1,0
OpenAI,GPT-4.5_02-27-25,4.5,,GPT-4.5_02-27-25.md,CL4R1T4S,OPENAI/GPT-4.5_02-27-25.md,8570,1b6cf3629878bfb5,2,2
OpenAI,Codex_Sep-15-2025,,Sep-15-2025,Codex_Sep-15-2025.md,CL4R1T4S,OPENAI/Codex_Sep-15-2025.md,11697,85946b2b3e4098e9,1,1
OpenAI,ChatGPT5-08-07-2025,,,ChatGPT5-08-07-2025.mkd,CL4R1T4S,OPENAI/ChatGPT5-08-07-2025.mkd,27685,ab5e942b56542f1b,1,0
OpenAI,ChatGPT-4o_Sep-27-25,,,ChatGPT-4o_Sep-27-25.txt,CL4R1T4S,OPENAI/ChatGPT-4o_Sep-27-25.txt,8829,1658508ac36ac80d,1,0
OpenAI,OpenAI,,,gpt_voice.md,TheBigPromptLibrary,SystemPrompts/OpenAI/gpt_voice.md,1600,869448f40200d930,1,0
OpenAI,OpenAI,,20231111,gpt4_iOS_20231111.md,TheBigPromptLibrary,SystemPrompts/OpenAI/gpt4_iOS_20231111.md,7829,714df5fe1561de37,1,1
OpenAI,OpenAI,,,gpt_all_tools.md,TheBigPromptLibrary,SystemPrompts/OpenAI/gpt_all_tools.md,12762,9498184f4dff6752,1,0
OpenAI,OpenAI,,12152024,chatgpt_with_projects_12152024.md,TheBigPromptLibrary,SystemPrompts/OpenAI/chatgpt_with_projects_12152024.md,11062,8873cad0c23ea0f0,0,0
OpenAI,OpenAI,,,santa_mode_dec2024.md,TheBigPromptLibrary,SystemPrompts/OpenAI/santa_mode_dec2024.md,3793,6a7c65e986deef93,0,0
OpenAI,OpenAI,,03272025,gpt4o_03272025.md,TheBigPromptLibrary,SystemPrompts/OpenAI/gpt4o_03272025.md,7722,9a6a42b52982a048,0,1
OpenAI,OpenAI,,06292025,gpt41_mini_06292025.md,TheBigPromptLibrary,SystemPrompts/OpenAI/gpt41_mini_06292025.md,5045,f6f82d713cc281e7,0,0
OpenAI,OpenAI,,12102024,gpt4o_12102024.md,TheBigPromptLibrary,SystemPrompts/OpenAI/gpt4o_12102024.md,8042,4356b6a394e53e7e,0,4
OpenAI,OpenAI,,03272025,gpt4o_tasks_and_automation_03272025.md,TheBigPromptLibrary,SystemPrompts/OpenAI/gpt4o_tasks_and_automation_03272025.md,10504,6f5085b53960d025,0,0
OpenAI,OpenAI,,20251027,20251027-gpt5.md,TheBigPromptLibrary,SystemPrompts/OpenAI/20251027-gpt5.md,9057,e4a6b5d963d1d406,0,0
OpenAI,OpenAI,,20231018,gpt4_advanced_data_analysis_20231018.md,TheBigPromptLibrary,SystemPrompts/OpenAI/gpt4_advanced_data_analysis_20231018.md,611,262b737cb2a98f73,1,0
OpenAI,OpenAI,,06292025,gpt41_06292025.md,TheBigPromptLibrary,SystemPrompts/OpenAI/gpt41_06292025.md,7982,0f801e03488efdf9,0,0
OpenAI,OpenAI,,01142025,gpt4o_tasks_and_automation_01142025.md,TheBigPromptLibrary,SystemPrompts/OpenAI/gpt4o_tasks_and_automation_01142025.md,12735,cfa514300ea5e52d,0,0
OpenAI,OpenAI,,20231110,gpt4_dalle_browsing_analysis_20231110.md,TheBigPromptLibrary,SystemPrompts/OpenAI/gpt4_dalle_browsing_analysis_20231110.md,9424,c63a5f333be70c4e,1,0
OpenAI,OpenAI,,07292025,chatgpt_study_mode_07292025.md,TheBigPromptLibrary,SystemPrompts/OpenAI/chatgpt_study_mode_07292025.md,3246,11ced54f2f0e8ed1,0,0
OpenAI,OpenAI,,,gpt4_plugins.md,TheBigPromptLibrary,SystemPrompts/OpenAI/gpt4_plugins.md,2425,c18d17c48c77734a,1,0
OpenAI,OpenAI,,,gpt4v_bing.md,TheBigPromptLibrary,SystemPrompts/OpenAI/gpt4v_bing.md,2729,68c3e978e5ca3260,1,0
OpenAI,OpenAI,,05132024,gpt4_voice_ios_05132024.md,TheBigPromptLibrary,SystemPrompts/OpenAI/gpt4_voice_ios_05132024.md,6745,a9f4f2507702698f,0,0
OpenAI,OpenAI,,07292025,chatgpt_4o_full_07292025.md,TheBigPromptLibrary,SystemPrompts/OpenAI/chatgpt_4o_full_07292025.md,18076,71eee1a92235122a,0,0
OpenAI,OpenAI,,,gpt_builder.md,TheBigPromptLibrary,SystemPrompts/OpenAI/gpt_builder.md,6087,cc036912751366ae,1,0
OpenAI,OpenAI,,08072025,chatgpt_5_08072025.md,TheBigPromptLibrary,SystemPrompts/OpenAI/chatgpt_5_08072025.md,22470,6d26e6cf50c13b9a,0,1
OpenAI,OpenAI,,,gpt_dalle.md,TheBigPromptLibrary,SystemPrompts/OpenAI/gpt_dalle.md,5660,62a33e2d2be28014,1,0
OpenAI,4o,,,4o.md,TheBigPromptLibrary,ChatGPT/4o.md,7785,22e80b9d12cfc3de,1,0
OpenAI,GPT-5,,,GPT-5.md,TheBigPromptLibrary,ChatGPT/GPT-5.md,37571,12d453a59dc358ac,1,0
OpenAI,DALLE,,,DALLE.md,TheBigPromptLibrary,ChatGPT/DALLE.md,1885,bc7733b6336dc649,1,0
OpenAI,gpt-5-thinking,,,gpt-5-thinking.md,TheBigPromptLibrary,OPENAI/gpt-5-thinking.md,78961,d53ff00c3759476a,2,0
OpenAI,gpt-5.1-quirky,5.1,,gpt-5.1-quirky.md,TheBigPromptLibrary,OPENAI/gpt-5.1-quirky.md,1399,1538df03d84c2345,1,0
OpenAI,Image safety policies,,,Image safety policies.md,TheBigPromptLibrary,OPENAI/Image safety policies.md,1735,282b281cf31a6c0a,1,0
OpenAI,2026-02-04-GPT-4o-with-deprecation-guideline,,,2026-02-04-GPT-4o-with-deprecation-guideline.md,TheBigPromptLibrary,OPENAI/2026-02-04-GPT-4o-with-deprecation-guideline.md,31573,7bc64de34a85e9bf,1,0
OpenAI,GPT-4o-WhatsApp,,,GPT-4o-WhatsApp.md,TheBigPromptLibrary,OPENAI/GPT-4o-WhatsApp.md,2626,c51de4572790674b,1,0
OpenAI,gpt-5.1-candid,5.1,,gpt-5.1-candid.md,TheBigPromptLibrary,OPENAI/gpt-5.1-candid.md,1263,ce8bb9a2dd1bf0d9,1,0
OpenAI,chatgpt-atlas,,,chatgpt-atlas.md,TheBigPromptLibrary,OPENAI/chatgpt-atlas.md,3159,5961fd53e3a63c01,1,0
OpenAI,GPT-4o-advanced-voice-mode,,,GPT-4o-advanced-voice-mode.md,TheBigPromptLibrary,OPENAI/GPT-4o-advanced-voice-mode.md,2208,4732c989252284f0,1,0
OpenAI,gpt-5.2-thinking,5.2,,gpt-5.2-thinking.md,TheBigPromptLibrary,OPENAI/gpt-5.2-thinking.md,87841,da5d28615c89441f,1,0
OpenAI,gpt-5.1-nerdy,5.1,,gpt-5.1-nerdy.md,TheBigPromptLibrary,OPENAI/gpt-5.1-nerdy.md,3492,c70b0639987d1f5a,1,1
OpenAI,gpt-5-listener-personality,,,gpt-5-listener-personality.md,TheBigPromptLibrary,OPENAI/gpt-5-listener-personality.md,2147,145f9a234a71058b,1,0
OpenAI,gpt-5-cynic-personality,,,gpt-5-cynic-personality.md,TheBigPromptLibrary,OPENAI/gpt-5-cynic-personality.md,2904,06b5d1bf25503648,1,0
OpenAI,codex-cli,,,codex-cli.md,TheBigPromptLibrary,OPENAI/codex-cli.md,25290,335bf2c6c7be7a01,1,0
OpenAI,gpt-5.1-cynical,5.1,,gpt-5.1-cynical.md,TheBigPromptLibrary,OPENAI/gpt-5.1-cynical.md,2647,d7de1b4225d19458,1,0
OpenAI,Codex,,,Codex.md,TheBigPromptLibrary,OPENAI/Codex.md,4849,7b4496a7b8a1db61,1,0
OpenAI,o3,,,o3.md,TheBigPromptLibrary,OPENAI/o3.md,32193,80ba98e672412007,1,1
OpenAI,GPT-4.5,4.5,,GPT-4.5.md,TheBigPromptLibrary,OPENAI/GPT-4.5.md,11018,07669bed51d30d8a,1,0
OpenAI,gpt-5.1-professional,5.1,,gpt-5.1-professional.md,TheBigPromptLibrary,OPENAI/gpt-5.1-professional.md,1058,3ba3f8aabf0401cd,1,0
OpenAI,gpt-5.1-default,5.1,,gpt-5.1-default.md,TheBigPromptLibrary,OPENAI/gpt-5.1-default.md,1220,8beaa3b8ec77f87f,1,0
OpenAI,gpt-5.1-efficient,5.1,,gpt-5.1-efficient.md,TheBigPromptLibrary,OPENAI/gpt-5.1-efficient.md,1103,12540d36dd731918,1,0
OpenAI,prompt-automation-context,,,prompt-automation-context.md,TheBigPromptLibrary,OPENAI/prompt-automation-context.md,1004,17001cd95beeb352,1,0
OpenAI,gpt-5-robot-personality,,,gpt-5-robot-personality.md,TheBigPromptLibrary,OPENAI/gpt-5-robot-personality.md,2577,0f2afdb9480fc428,1,0
OpenAI,4o-2025-09-03-new-personality,,,4o-2025-09-03-new-personality.md,TheBigPromptLibrary,OPENAI/4o-2025-09-03-new-personality.md,2669,5f10f31d778bd03b,1,0
OpenAI,GPT-4o-legacy-voice-mode,,,GPT-4o-legacy-voice-mode.md,TheBigPromptLibrary,OPENAI/GPT-4o-legacy-voice-mode.md,5843,7402e3cadd60ec6b,1,0
OpenAI,gpt-5.1-friendly,5.1,,gpt-5.1-friendly.md,TheBigPromptLibrary,OPENAI/gpt-5.1-friendly.md,1246,39e9b7ab85cfc5b2,1,0
OpenAI,chatgpt.com-o4-mini,,,chatgpt.com-o4-mini.md,TheBigPromptLibrary,OPENAI/Old/chatgpt.com-o4-mini.md,15706,aee2ff64b9e6d6e3,1,1
OpenAI,gpt-5-reasoning-effort-high-API-NOT-CHATGPT.com,,,gpt-5-reasoning-effort-high-API-NOT-CHATGPT.com.md,TheBigPromptLibrary,OPENAI/API/gpt-5-reasoning-effort-high-API-NOT-CHATGPT.com.md,1114,95ce815a2d10ea56,1,0
OpenAI,o4-mini-high,,,o4-mini-high.md,TheBigPromptLibrary,OPENAI/API/o4-mini-high.md,878,a1f2247ea0c2ae2a,3,1
OpenAI,official-product,,20240927,gpt4o-advanced-voice-mode-20240927.md,chatgpt_system_prompt,prompts/official-product/openai/gpt4o-advanced-voice-mode-20240927.md,1772,f0968da41998ba83,0,0
OpenAI,official-product,,,chatgpt_agent_system_prompt.md,chatgpt_system_prompt,prompts/official-product/openai/chatgpt_agent_system_prompt.md,23834,457816eeb803f245,0,1
OpenAI,official-product,,,codex.md,chatgpt_system_prompt,prompts/official-product/openai/codex.md,5082,33f0429cbeb64675,0,0
OpenAI,official-product,,,o3_cot_summarizer.md,chatgpt_system_prompt,prompts/official-product/openai/o3_cot_summarizer.md,24289,64e7b19ca4fdeac8,0,0
OpenAI,official-product,,,gpt40_with_canvas.md,chatgpt_system_prompt,prompts/official-product/openai/gpt40_with_canvas.md,29704,c1626d2ea21059d8,0,1
OpenAI,official-product,,,openai_optimization_system_prompt_playground.md,chatgpt_system_prompt,prompts/official-product/openai/openai_optimization_system_prompt_playground.md,3440,91e3845372824a5d,0,0
OpenAI,official-product,,,operator.md,chatgpt_system_prompt,prompts/official-product/openai/operator.md,5840,f38c9f3fa3d8682b,0,0
OpenAI,official-product,,,gpt40_for_deep_research.md,chatgpt_system_prompt,prompts/official-product/openai/gpt40_for_deep_research.md,1570,eb810ffb0260ee49,0,0
OpenSource,Cline,,,Prompt.txt,TheBigPromptLibrary,Open Source prompts/Cline/Prompt.txt,47083,05223937197b386e,1,0
OpenSource,Gemini CLI,,,google-gemini-cli-system-prompt.txt,TheBigPromptLibrary,Open Source prompts/Gemini CLI/google-gemini-cli-system-prompt.txt,18976,1f1393582c0c1fe6,1,0
OpenSource,Lumo,,,Prompt.txt,TheBigPromptLibrary,Open Source prompts/Lumo/Prompt.txt,8227,8932d3b8f82546a9,1,0
OpenSource,Bolt,,,Prompt.txt,TheBigPromptLibrary,Open Source prompts/Bolt/Prompt.txt,21943,fff065b21846a9d2,1,0
OpenSource,RooCode,,,Prompt.txt,TheBigPromptLibrary,Open Source prompts/RooCode/Prompt.txt,43959,2be328af1ccc92bd,1,0
OpenSource,Codex CLI,,20250820,openai-codex-cli-system-prompt-20250820.txt,TheBigPromptLibrary,Open Source prompts/Codex CLI/openai-codex-cli-system-prompt-20250820.txt,23706,557614d1136c4d31,1,0
OpenSource,Codex CLI,,,Prompt.txt,TheBigPromptLibrary,Open Source prompts/Codex CLI/Prompt.txt,4848,cd97722ec53a8e50,1,0
Orchids,Decision-making prompt,,,Decision-making prompt.txt,TheBigPromptLibrary,Orchids.app/Decision-making prompt.txt,6820,ead5e2273a978fda,1,0
Orchids,System Prompt,,,System Prompt.txt,TheBigPromptLibrary,Orchids.app/System Prompt.txt,58755,6ce7db996a71a9d9,1,0
Parahelp,planning,,,planning.md,TheBigPromptLibrary,Parahelp/planning.md,4180,80eb4326e6ee0a0e,1,0
Parahelp,manager,,,manager.md,TheBigPromptLibrary,Parahelp/manager.md,3403,66d69c37ebb97cd6,1,0
Perplexity,Perplexity_Deep_Research,,,Perplexity_Deep_Research.txt,CL4R1T4S,PERPLEXITY/Perplexity_Deep_Research.txt,7618,4324ea0031dafb1e,1,1
Perplexity,Perplexity.ai,,20241018,20241018-Perplexity-Spaces.md,TheBigPromptLibrary,SystemPrompts/Perplexity.ai/20241018-Perplexity-Spaces.md,3081,6e85b5fff7dbe84b,0,0
Perplexity,Perplexity.ai,,20241212,20241212-Perplexity-Pro.md,TheBigPromptLibrary,SystemPrompts/Perplexity.ai/20241212-Perplexity-Pro.md,6189,62a520a8d4ee6eae,0,0
Perplexity,Perplexity.ai,,20241024,20241024-Perplexity-Desktop-App.md,TheBigPromptLibrary,SystemPrompts/Perplexity.ai/20241024-Perplexity-Desktop-App.md,2759,1749ed47f75f193d,0,0
Perplexity,Perplexity.ai,,20240320,20240320-Perplexity.md,TheBigPromptLibrary,SystemPrompts/Perplexity.ai/20240320-Perplexity.md,5516,1d1e64675f1e255a,0,0
Perplexity,System Prompt,,,System Prompt.txt,TheBigPromptLibrary,Comet Assistant/System Prompt.txt,53829,34a9eac19159fe36,1,0
Perplexity,Prompt,,,Prompt.txt,TheBigPromptLibrary,PERPLEXITY/Prompt.txt,9381,ef45e3f846d012a7,1,0
Perplexity,voice-assistant,,,voice-assistant.md,TheBigPromptLibrary,PERPLEXITY/voice-assistant.md,2082,e4d0e6dad7dcd5c8,1,0
Perplexity,comet-browser-assistant,,,comet-browser-assistant.md,TheBigPromptLibrary,PERPLEXITY/comet-browser-assistant.md,25372,523e456f5ea3ff51,1,0
Perplexity,regular,,,regular.md,TheBigPromptLibrary,perplexity.ai/regular.md,514,35cd4f1edf411a6f,1,0
Poe,official-product,,,SummarizeWithInsight.md,chatgpt_system_prompt,prompts/official-product/poe/SummarizeWithInsight.md,2422,cf61b6faac4ce8aa,0,0
Poke,Poke_p1,,,Poke_p1.txt,TheBigPromptLibrary,Poke/Poke_p1.txt,10153,83173a305940d87a,1,0
Poke,Poke_p2,,,Poke_p2.txt,TheBigPromptLibrary,Poke/Poke_p2.txt,2416,61e12fe0c5be5822,1,0
Poke,Poke_p3,,,Poke_p3.txt,TheBigPromptLibrary,Poke/Poke_p3.txt,5493,e23518a8e3da122b,1,0
Poke,Poke_p6,,,Poke_p6.txt,TheBigPromptLibrary,Poke/Poke_p6.txt,1783,97f796904ba484b9,1,0
Poke,Poke_p4,,,Poke_p4.txt,TheBigPromptLibrary,Poke/Poke_p4.txt,5873,f7cc8e4d453b35e3,1,0
Poke,Poke_p5,,,Poke_p5.txt,TheBigPromptLibrary,Poke/Poke_p5.txt,1158,44cf89e17576e152,1,0
Poke,Poke agent,,,Poke agent.txt,TheBigPromptLibrary,Poke/Poke agent.txt,12151,8ecb49b199f4aeaa,1,0
Proton,Proton,,20250723,20250723-Lumo.md,TheBigPromptLibrary,SystemPrompts/Proton/20250723-Lumo.md,6326,defe006e5ea603c0,0,0
Qoder,Quest Design,,,Quest Design.txt,TheBigPromptLibrary,Qoder/Quest Design.txt,26151,493b1f9c66568a67,1,0
Qoder,Quest Action,,,Quest Action.txt,TheBigPromptLibrary,Qoder/Quest Action.txt,12317,cd1f574157f897cf,1,0
Qoder,prompt,,,prompt.txt,TheBigPromptLibrary,Qoder/prompt.txt,18618,f19c683490ba91e3,1,0
QuillBot,Quillbot,,20251106,20251106-Quillbot.md,TheBigPromptLibrary,SystemPrompts/Quillbot/20251106-Quillbot.md,1322,ff8de34b2f2b6001,0,0
Qwen,QWEN,,20251027,20251027-Qwen3-VL-235B-A22B.md,TheBigPromptLibrary,SystemPrompts/QWEN/20251027-Qwen3-VL-235B-A22B.md,9331,1229eb112511c574,0,0
Rabbit,rabbit-r1,,04242024,04242024-rawdata.md,TheBigPromptLibrary,SystemPrompts/rabbit-r1/04242024-rawdata.md,1068,3e2d7e48864311fe,0,0
Rabbit,rabbit-r1,,04242024,04242024-tools.md,TheBigPromptLibrary,SystemPrompts/rabbit-r1/04242024-tools.md,1940,8b26ee2382bdf1ba,0,0
Raycast,official-product,,,RaycastAI.md,chatgpt_system_prompt,prompts/official-product/raycast/RaycastAI.md,6869,231b072abf20d2a1,0,0
Replit,Prompt,,,Prompt.txt,TheBigPromptLibrary,Replit/Prompt.txt,8110,0641da61cdfb771d,3,0
Replit,before-2025-08-11,,,system.md,TheBigPromptLibrary,Replit/before-2025-08-11/system.md,6981,bf48a4eb04750d0e,1,0
Replit,official-product,,,code_generation.md,chatgpt_system_prompt,prompts/official-product/replit/code_generation.md,4516,df9d52331982ae32,0,1
Same.dev,Same_Dev,,,Same_Dev.txt,CL4R1T4S,SAMEDEV/Same_Dev.txt,22041,007371733d26bad5,1,0
Same.dev,Prompt,,,Prompt.txt,TheBigPromptLibrary,Same.dev/Prompt.txt,34890,6aba07e2a83830bd,1,0
Same.dev,same.new,,,same.new.md,TheBigPromptLibrary,same.new/same.new.md,7069,0be58effadd4348e,1,0
SleepHQ,SleepHQ,,20250728,20250728-Darth-Assistant.md,TheBigPromptLibrary,SystemPrompts/SleepHQ/20250728-Darth-Assistant.md,6872,6b3c1337206ae045,0,0
Sourcegraph,gpt-5,,,gpt-5.yaml,TheBigPromptLibrary,Amp/gpt-5.yaml,62107,1f88d99cc4d2e288,1,0
Sourcegraph,claude-4-sonnet,,,claude-4-sonnet.yaml,TheBigPromptLibrary,Amp/claude-4-sonnet.yaml,66170,819795401a1c2a8f,1,0
StackBlitz,Bolt,,,Bolt.txt,CL4R1T4S,BOLT/Bolt.txt,16084,3fea990b48a80bb2,1,0
StackBlitz,prompts,,,prompts.ts,TheBigPromptLibrary,Bolt.new/prompts.ts,13916,26abb4be4b9ff9d9,1,1
Traycer,plan_mode_prompts,,,plan_mode_prompts,TheBigPromptLibrary,Traycer AI/plan_mode_prompts,6143,fb3b16611e2a58b5,1,0
Traycer,phase_mode_prompts,,,phase_mode_prompts.txt,TheBigPromptLibrary,Traycer AI/phase_mode_prompts.txt,3842,1cc271901b98bc69,1,0
Trickle,official-product,,,system.md,chatgpt_system_prompt,prompts/official-product/trickle/system.md,1131,99a823c03e3232eb,0,0
Venice,official-product,,,Venice.md,chatgpt_system_prompt,prompts/official-product/Venice.ai/Venice.md,2104,59015676b446d3c2,0,1
Vercel,V0.dev,,20240904,20240904-V0.md,TheBigPromptLibrary,SystemPrompts/V0.dev/20240904-V0.md,42572,39b1a67f72e5bf6f,0,0
Vercel,2025-08-11-prompt,,,2025-08-11-prompt.md,TheBigPromptLibrary,v0/2025-08-11-prompt.md,60037,00674e7333caebb6,1,0
Vercel,2025-04-05,,,v0-tools.md,TheBigPromptLibrary,v0/2025-04-05/v0-tools.md,26685,ddb5c551ebbdcdee,1,0
Vercel,2025-04-05,,,v0.md,TheBigPromptLibrary,v0/2025-04-05/v0.md,65935,f175e6e693886fad,2,0
Vercel,2025-04-05,,,instructions.md,TheBigPromptLibrary,v0/2025-04-05/instructions.md,35047,4ddffbbf032bb2fb,1,0
Vercel,2025-04-05,,,v0-model.md,TheBigPromptLibrary,v0/2025-04-05/v0-model.md,25887,62892bcc5b7db494,1,0
Vercel,Prompt,,,Prompt.txt,TheBigPromptLibrary,v0 Prompts and Tools/Prompt.txt,43846,658994c6fceb3a92,1,0
Vercel,official-product,,20241124,v0-system-prompt-20241124.md,chatgpt_system_prompt,prompts/official-product/v0/v0-system-prompt-20241124.md,37618,94b488d46c993d29,0,0
Vercel,official-product,,,v0-system-context(hypothesized example-openv0).md,chatgpt_system_prompt,prompts/official-product/v0/v0-system-context(hypothesized example-openv0).md,114420,1761894277e68593,0,0
Voilà,official-product,,,Voilà.md,chatgpt_system_prompt,prompts/official-product/Voilà/Voilà.md,1576,e26b6caa001ec596,0,1
Warp,Prompt,,,Prompt.txt,TheBigPromptLibrary,Warp.dev/Prompt.txt,14593,92d5ac1671affe22,1,0
Wegic,official-product,,,wegic.md,chatgpt_system_prompt,prompts/official-product/wegic/wegic.md,8112,110141fb74e9a144,0,0
Windsurf,Windsurf_Tools,,,Windsurf_Tools.md,CL4R1T4S,WINDSURF/Windsurf_Tools.md,24803,70c5de737d790c02,1,0
Windsurf,system-2025-04-20,,,system-2025-04-20.md,TheBigPromptLibrary,windsurf/system-2025-04-20.md,31249,7486a05054ec4e86,1,0
Windsurf,2025-08-11-wave11-tools,,,2025-08-11-wave11-tools.md,TheBigPromptLibrary,windsurf/2025-08-11-wave11-tools.md,32842,ae4b888ea707277e,3,0
Windsurf,Prompt Wave 11,,,Prompt Wave 11.txt,TheBigPromptLibrary,windsurf/Prompt Wave 11.txt,11697,09ba20a0d1249c93,3,0
Windsurf,official-product,,,WinSurfChatModeSystemPrompt.md,chatgpt_system_prompt,prompts/official-product/windsurf/WinSurfChatModeSystemPrompt.md,9118,bed266429e7b2d06,0,0
Windsurf,official-product,,,ComputerScience.md,chatgpt_system_prompt,prompts/official-product/windsurf/ComputerScience.md,3460,5632edd715f363f6,0,0
Wordware,official-product,,,twitter.md,chatgpt_system_prompt,prompts/official-product/wordware-ai/twitter.md,6075,1ed940af47496f83,0,0
Z.ai,prompt,,,prompt.md,TheBigPromptLibrary,Z.ai/prompt.md,9592,d779234c28ef8b9c,3,0
xAI,Grok-Code-Fast-1_Aug-26-2025,,Aug-26-2025,Grok-Code-Fast-1_Aug-26-2025.txt,CL4R1T4S,XAI/Grok-Code-Fast-1_Aug-26-2025.txt,3915,c462d09246da1a4f,1,0
xAI,xAI,,20231214,20231214-Grok.md,TheBigPromptLibrary,SystemPrompts/xAI/20231214-Grok.md,672,17788c77e39d2b7c,0,0
xAI,xAI,,20241212,20241212-Grok2.md,TheBigPromptLibrary,SystemPrompts/xAI/20241212-Grok2.md,3187,547027874efd6a59,0,0
xAI,xAI,,20241212,20241212-Grok2-fun.md,TheBigPromptLibrary,SystemPrompts/xAI/20241212-Grok2-fun.md,2935,00e77130aa20ab58,0,0
xAI,xAI,,20251030,20251030-Grok4-Fast.md,TheBigPromptLibrary,SystemPrompts/xAI/20251030-Grok4-Fast.md,3349,88b1cefe9128fb30,0,0
xAI,xAI,,20251027,20251027-Grok4.md,TheBigPromptLibrary,SystemPrompts/xAI/20251027-Grok4.md,3062,c9e778460fff15aa,0,1
xAI,xAI,,20240821,20240821-Grok2.md,TheBigPromptLibrary,SystemPrompts/xAI/20240821-Grok2.md,4617,abc2d8abe74546cc,0,1
xAI,grok-4.2,4.2,,grok-4.2.md,TheBigPromptLibrary,XAI/grok-4.2.md,17303,83a2793ab8ef481d,1,1
xAI,grok.com-post-new-safety-instructions,,,grok.com-post-new-safety-instructions.md,TheBigPromptLibrary,XAI/grok.com-post-new-safety-instructions.md,20203,cf73356e99052168,1,1
xAI,grok-4,,,grok-4.md,TheBigPromptLibrary,XAI/grok-4.md,12225,eae30f1c07bcddae,1,1
xAI,grok-personas,,,grok-personas.md,TheBigPromptLibrary,XAI/grok-personas.md,23644,34fcd91c30c262ec,1,1
xAI,grok-4.1-beta,4.1,,grok-4.1-beta.md,TheBigPromptLibrary,XAI/grok-4.1-beta.md,14599,05fc4c25c329aab5,1,1
xAI,ask_grok_summarizer,,,ask_grok_summarizer.j2,TheBigPromptLibrary,Grok/ask_grok_summarizer.j2,1106,275b9d586b738835,1,0
xAI,grok3_official0330_p1,,,grok3_official0330_p1.j2,TheBigPromptLibrary,Grok/grok3_official0330_p1.j2,4636,80ced91f373dae90,3,0
xAI,grok_analyze_button,,,grok_analyze_button.j2,TheBigPromptLibrary,Grok/grok_analyze_button.j2,965,31afaf80faa63914,1,0
xAI,Grok3withDeepSearch,,,Grok3withDeepSearch.md,TheBigPromptLibrary,Grok/Grok3withDeepSearch.md,2584,4d297364dd3cea97,2,0
xAI,official-product,,,Grok3_Persona_Not_A_Therapist.md,chatgpt_system_prompt,prompts/official-product/xai/Grok3_Persona_Not_A_Therapist.md,4140,88fc518e948588fe,0,0
xAI,official-product,,,Grok3.md,chatgpt_system_prompt,prompts/official-product/xai/Grok3.md,751,01c5fff185b717a6,0,1
xAI,official-product,,,Grok3_Persona_Loyal_Friend.md,chatgpt_system_prompt,prompts/official-product/xai/Grok3_Persona_Loyal_Friend.md,5375,321dcb6d7080561c,0,0
xAI,official-product,,,Grok3_Persona_Homework_Helper.md,chatgpt_system_prompt,prompts/official-product/xai/Grok3_Persona_Homework_Helper.md,4836,6d71a48682d1f51a,0,0
xAI,official-product,,,Grok3_Persona_Not_A_Doctor.md,chatgpt_system_prompt,prompts/official-product/xai/Grok3_Persona_Not_A_Doctor.md,4668,632d42d5e770e0fc,0,0
xAI,official-product,,,Grok3_Persona_Unhinged_Comedian.md,chatgpt_system_prompt,prompts/official-product/xai/Grok3_Persona_Unhinged_Comedian.md,4406,8fd95a4b4671d9e6,0,0
